"type","action","cert","date.documented","onset","terminus","publication.id","publication.title","publication.loc.id","publication.loc","date","year","quarter","month","week"
"censorship","PR","","1901-07-01","","","wiki:Q4670452","Abū al-Hawl","geon:3448439","Sao Paolo",1901-07-01,1901-01-01,1901-07-01,1901-07-01,1901-07-01
"lifeCycle","1","","1906-07-01","","","wiki:Q4670452","Abū al-Hawl","geon:3448439","Sao Paolo",1906-07-01,1906-01-01,1906-07-01,1906-07-01,1906-06-25
"censorship","P","","1878-06-13","","","wiki:Q124970462","al-Iskandariyya","geon:361058","Alexandria",1878-06-13,1878-01-01,1878-04-01,1878-06-01,1878-06-10
"censorship","P","","1879-07-25","","","wiki:Q124970494","al-Iʿtidāl","geon:170063","Aleppo",1879-07-25,1879-01-01,1879-07-01,1879-07-01,1879-07-21
"censorship","S","","1879-10-27","","","wiki:Q124970494","al-Iʿtidāl","geon:170063","Aleppo",1879-10-27,1879-01-01,1879-10-01,1879-10-01,1879-10-27
"censorship","P","","1882-07-31","","","wiki:Q124970500","al-Iʿtidāl","geon:360630","Cairo",1882-07-31,1882-01-01,1882-07-01,1882-07-01,1882-07-31
"censorship","P","","1898-03-15","","","wiki:Q4702794","al-Manār","geon:360630","Cairo",1898-03-15,1898-01-01,1898-01-01,1898-03-01,1898-03-14
"censorship","P","","1898-01-01","","","wiki:Q124972743","al-Mashriq","geon:276781","Beirut",1898-01-01,1898-01-01,1898-01-01,1898-01-01,1897-12-27
"censorship","S","","1902-11-24","","","wiki:Q124972743","al-Mashriq","geon:276781","Beirut",1902-11-24,1902-01-01,1902-10-01,1902-11-01,1902-11-24
"censorship","S","","1904-05-14","","","wiki:Q124972743","al-Mashriq","geon:276781","Beirut",1904-05-14,1904-01-01,1904-04-01,1904-05-01,1904-05-09
"censorship","S","high","1884-04-01","","","wiki:Q124972487","al-Maḥrūsa","geon:360630","Cairo",1884-04-01,1884-01-01,1884-04-01,1884-04-01,1884-03-31
"censorship","PR","","1884-04-01","","","wiki:Q124972487","al-Maḥrūsa","geon:360630","Cairo",1884-04-01,1884-01-01,1884-04-01,1884-04-01,1884-03-31
"censorship","P","","1880-01-02","","","wiki:Q124972753","al-Miṣbāḥ","geon:276781","Beirut",1880-01-02,1880-01-01,1880-01-01,1880-01-01,1879-12-29
"censorship","W","","1881-09-19","","","wiki:Q124972753","al-Miṣbāḥ","geon:276781","Beirut",1881-09-19,1881-01-01,1881-07-01,1881-09-01,1881-09-19
"censorship","S","","1881-11-14","","","wiki:Q124972753","al-Miṣbāḥ","geon:276781","Beirut",1881-11-14,1881-01-01,1881-10-01,1881-11-01,1881-11-14
"censorship","S","","1889-05-20","","","wiki:Q124972753","al-Miṣbāḥ","geon:276781","Beirut",1889-05-20,1889-01-01,1889-04-01,1889-05-01,1889-05-20
"censorship","W","","1894-02-12","","","wiki:Q124972753","al-Miṣbāḥ","geon:276781","Beirut",1894-02-12,1894-01-01,1894-01-01,1894-02-01,1894-02-12
"censorship","S","","1895-01-19","","","wiki:Q124972753","al-Miṣbāḥ","geon:276781","Beirut",1895-01-19,1895-01-01,1895-01-01,1895-01-01,1895-01-14
"censorship","W","","1897-10-05","","","wiki:Q124972753","al-Miṣbāḥ","geon:276781","Beirut",1897-10-05,1897-01-01,1897-10-01,1897-10-01,1897-10-04
"censorship","S","","1898-06-30","","","wiki:Q124972753","al-Miṣbāḥ","geon:276781","Beirut",1898-06-30,1898-01-01,1898-04-01,1898-06-01,1898-06-27
"censorship","W","","1900-02-16","","","wiki:Q124972753","al-Miṣbāḥ","geon:276781","Beirut",1900-02-16,1900-01-01,1900-01-01,1900-02-01,1900-02-12
"censorship","RP","","1901-06-15","","","wiki:Q124972753","al-Miṣbāḥ","geon:276781","Beirut",1901-06-15,1901-01-01,1901-04-01,1901-06-01,1901-06-10
"censorship","RP","","1901-06-15","","","wiki:Q124972753","al-Miṣbāḥ","geon:276781","Beirut",1901-06-15,1901-01-01,1901-04-01,1901-06-01,1901-06-10
"censorship","P","","","","","wiki:Q124972753","al-Miṣbāḥ","geon:276781","Beirut",NA,NA,NA,NA,NA
"censorship","W","","1904-04-25","","","wiki:Q124972753","al-Miṣbāḥ","geon:276781","Beirut",1904-04-25,1904-01-01,1904-04-01,1904-04-01,1904-04-25
"censorship","S","","1904-08-15","","","wiki:Q124972753","al-Miṣbāḥ","geon:276781","Beirut",1904-08-15,1904-01-01,1904-07-01,1904-08-01,1904-08-15
"censorship","PR","","1908-08-31","","","wiki:Q124972753","al-Miṣbāḥ","geon:276781","Beirut",1908-08-31,1908-01-01,1908-07-01,1908-08-01,1908-08-31
"censorship","P","","1900-12-06","","","wiki:Q124972758","al-Miṣbāḥ al-Jadīd","geon:360630","Cairo",1900-12-06,1900-01-01,1900-10-01,1900-12-01,1900-12-03
"lifeCycle","CP","","1901-01-28","","","wiki:Q124972758","al-Miṣbāḥ al-Jadīd","geon:360630","Cairo",1901-01-28,1901-01-01,1901-01-01,1901-01-01,1901-01-28
"lifeCycle","1","","1897-02-09","","","wiki:Q124972861","al-Manāẓir","geon:3448439","Sao Paolo",1897-02-09,1897-01-01,1897-01-01,1897-02-01,1897-02-08
"censorship","P","","1900-01-02","","","wiki:Q124972245","al-Quds","geon:360630","Cairo",1900-01-02,1900-01-01,1900-01-01,1900-01-01,1900-01-01
"censorship","P","","1883-02-12","","",NA,"Al-Shām: Muḥāḍarāt wa Muqtaṭafāt",NA,NA,1883-02-12,1883-01-01,1883-01-01,1883-02-01,1883-02-12
"censorship","P","","1899-10-08","","","wiki:Q124970537","al-Āmāl","geon:361058","Alexandria",1899-10-08,1899-01-01,1899-10-01,1899-10-01,1899-10-02
"censorship","P","","1898-05-21","","","wiki:Q124972004","al-ʿUthmānī","geon:276781","Beirut",1898-05-21,1898-01-01,1898-04-01,1898-05-01,1898-05-16
"censorship","P","","1890-07-13","","","wiki:Q124971018","al-Ḥuqūq","geon:745044","Istanbul",1890-07-13,1890-01-01,1890-07-01,1890-07-01,1890-07-07
"censorship","BI","","1884-12-10","","",NA,"All Egyptian newspapers",NA,NA,1884-12-10,1884-01-01,1884-10-01,1884-12-01,1884-12-08
"censorship","W","","1882-04-17","","",NA,"all newspapers",NA,NA,1882-04-17,1882-01-01,1882-04-01,1882-04-01,1882-04-17
"censorship","W","","1880-10-25","","",NA,"all newspapers",NA,NA,1880-10-25,1880-01-01,1880-10-01,1880-10-01,1880-10-25
"censorship","W","","1880-12-20","","",NA,"all newspapers",NA,NA,1880-12-20,1880-01-01,1880-10-01,1880-12-01,1880-12-20
"censorship","W","","1881-06-06","","",NA,"all newspapers",NA,NA,1881-06-06,1881-01-01,1881-04-01,1881-06-01,1881-06-06
"censorship","W","","1886-04-12","","",NA,"all newspapers",NA,NA,1886-04-12,1886-01-01,1886-04-01,1886-04-01,1886-04-12
"censorship","W","","1887-02-14","","",NA,"all newspapers",NA,NA,1887-02-14,1887-01-01,1887-01-01,1887-02-01,1887-02-14
"censorship","W","","1887-07-08","","",NA,"all newspapers",NA,NA,1887-07-08,1887-01-01,1887-07-01,1887-07-01,1887-07-04
"censorship","W","","1899-08-25","","",NA,"all newspapers",NA,NA,1899-08-25,1899-01-01,1899-07-01,1899-08-01,1899-08-21
"censorship","S","","1911-07-27","","",NA,"Arnāwūṭ",NA,NA,1911-07-27,1911-01-01,1911-07-01,1911-07-01,1911-07-24
"censorship","Trial","","1909-05-01","","","wiki:Q124964313","Baradā","geon:170654","Damascus",1909-05-01,1909-01-01,1909-04-01,1909-05-01,1909-04-26
"censorship","W","","1887-07-04","","","wiki:Q124973683","Bayrūt","geon:276781","Beirut",1887-07-04,1887-01-01,1887-07-01,1887-07-01,1887-07-04
"censorship","W","","1889-08-21","","","wiki:Q124973683","Bayrūt","geon:276781","Beirut",1889-08-21,1889-01-01,1889-07-01,1889-08-01,1889-08-19
"censorship","W","","","","","wiki:Q124973683","Bayrūt","geon:276781","Beirut",NA,NA,NA,NA,NA
"censorship","W","","1894-04-23","","","wiki:Q124973683","Bayrūt","geon:276781","Beirut",1894-04-23,1894-01-01,1894-04-01,1894-04-01,1894-04-23
"censorship","S","","1900-08-05","","","wiki:Q124973683","Bayrūt","geon:276781","Beirut",1900-08-05,1900-01-01,1900-07-01,1900-08-01,1900-07-30
"censorship","S","","1903-09-03","","","wiki:Q124973683","Bayrūt","geon:276781","Beirut",1903-09-03,1903-01-01,1903-07-01,1903-09-01,1903-08-31
"censorship","W","","1903-10-22","","","wiki:Q124973683","Bayrūt","geon:276781","Beirut",1903-10-22,1903-01-01,1903-10-01,1903-10-01,1903-10-19
"censorship","W","","1904-04-18","","","wiki:Q124973683","Bayrūt","geon:276781","Beirut",1904-04-18,1904-01-01,1904-04-01,1904-04-01,1904-04-18
"censorship","S","high","1904-07-04","1904-07-11","1904-08-01","wiki:Q124973683","Bayrūt","geon:276781","Beirut",1904-07-04,1904-01-01,1904-07-01,1904-07-01,1904-07-04
"censorship","PR","","1904-08-01","","","wiki:Q124973683","Bayrūt","geon:276781","Beirut",1904-08-01,1904-01-01,1904-07-01,1904-08-01,1904-08-01
"censorship","W","","1906-09-16","","","wiki:Q124973683","Bayrūt","geon:276781","Beirut",1906-09-16,1906-01-01,1906-07-01,1906-09-01,1906-09-10
"censorship","S","high","1908-02-12","","","wiki:Q124973683","Bayrūt","geon:276781","Beirut",1908-02-12,1908-01-01,1908-01-01,1908-02-01,1908-02-10
"censorship","PR","","1908-03-09","","","wiki:Q124973683","Bayrūt","geon:276781","Beirut",1908-03-09,1908-01-01,1908-01-01,1908-03-01,1908-03-09
"censorship","PR","","1914-04-06","","",NA,"Bayām",NA,NA,1914-04-06,1914-01-01,1914-04-01,1914-04-01,1914-04-06
"censorship","P","","1895-08-25","","","wiki:Q124973669","Baṣīr al-Sharq","geon:360630","Cairo",1895-08-25,1895-01-01,1895-07-01,1895-08-01,1895-08-19
"lifeCycle","1","","1912-05-12","","","wiki:Q124973831","Dayr al-Qamar","geon:275655","Dayr al-Qamar",1912-05-12,1912-01-01,1912-04-01,1912-05-01,1912-05-06
"censorship","P","","1878-01-10","","","wiki:Q124964326","Dimashq","geon:170654","Damascus",1878-01-10,1878-01-01,1878-01-01,1878-01-01,1878-01-07
"censorship","S","","1879-06-04","","","wiki:Q124964326","Dimashq","geon:170654","Damascus",1879-06-04,1879-01-01,1879-04-01,1879-06-01,1879-06-02
"censorship","PR","","1879-08-04","","","wiki:Q124964326","Dimashq","geon:170654","Damascus",1879-08-04,1879-01-01,1879-07-01,1879-08-01,1879-08-04
"censorship","P","","1908-09-25","","","wiki:Q124964325","Dimashq","geon:170654","Damascus",1908-09-25,1908-01-01,1908-07-01,1908-09-01,1908-09-21
"censorship","RP","","1913-12-01","","","wiki:Q124974081","Fatā al-ʿArab","geon:276781","Beirut",1913-12-01,1913-01-01,1913-10-01,1913-12-01,1913-12-01
"lifeCycle","CP","","1914-09-11","","","wiki:Q124974075","Fatāt Lubnān","geon:276781","Beirut",1914-09-11,1914-01-01,1914-07-01,1914-09-01,1914-09-07
"censorship","P","","1909-05-27","","","wiki:Q124974091","Faṣl al-Khiṭāb","geon:360630","Cairo",1909-05-27,1909-01-01,1909-04-01,1909-05-01,1909-05-24
"censorship","P","","1911-01-23","","","wiki:Q5448286","Filasṭīn","geon:281184","Jerusalem",1911-01-23,1911-01-01,1911-01-01,1911-01-01,1911-01-23
"censorship","S","","1913-12-01","","","wiki:Q5448286","Filasṭīn","geon:281184","Jerusalem",1913-12-01,1913-01-01,1913-10-01,1913-12-01,1913-12-01
"censorship","RP","","1913-12-17","","","wiki:Q5448286","Filasṭīn","geon:281184","Jerusalem",1913-12-17,1913-01-01,1913-10-01,1913-12-01,1913-12-15
"censorship","Trial","","1913-12-25","","","wiki:Q5448286","Filasṭīn","geon:281184","Jerusalem",1913-12-25,1913-01-01,1913-10-01,1913-12-01,1913-12-22
"censorship","BI","","1909-10-09","","",NA,"Güneş",NA,NA,1909-10-09,1909-01-01,1909-10-01,1909-10-01,1909-10-04
"censorship","RP","","1911-10-21","","",NA,"Iṣlāḥāt",NA,NA,1911-10-21,1911-01-01,1911-10-01,1911-10-01,1911-10-16
"lifeCycle","1","","1909-06-02","","","wiki:Q124973726","Jirāb al-Kurdī","geon:294801","Haifa",1909-06-02,1909-01-01,1909-04-01,1909-06-01,1909-05-31
"censorship","P","","1908-11-09","","",NA,"Kashf al-Ḥijāb",NA,NA,1908-11-09,1908-01-01,1908-10-01,1908-11-01,1908-11-09
"censorship","P","","1894-03-28","","","wiki:Q124974248","Kawkab al-Sharq","geon:276781","Beirut",1894-03-28,1894-01-01,1894-01-01,1894-03-01,1894-03-26
"censorship","P","","1898-04-11","","","wiki:Q124970192","الكوكب العثماني","geon:745044","Istanbul",1898-04-11,1898-01-01,1898-04-01,1898-04-01,1898-04-11
"lifeCycle","1","","1898-05-09","","","wiki:Q124970192","الكوكب العثماني","geon:745044","Istanbul",1898-05-09,1898-01-01,1898-04-01,1898-05-01,1898-05-09
"lifeCycle","1","","1911-04-20","","","wiki:Q124973802","Khān al-Dhahab","geon:98182","Baghdad",1911-04-20,1911-01-01,1911-04-01,1911-04-01,1911-04-17
"censorship","S","","1910-07-11","","",NA,"Kursī-yi milel",NA,NA,1910-07-11,1910-01-01,1910-07-01,1910-07-01,1910-07-11
"censorship","RP","","1912-09-23","","","wiki:Q127427567","Lisān al-ʿArab","geon:276781","Beirut",1912-09-23,1912-01-01,1912-07-01,1912-09-01,1912-09-23
"censorship","S","high","1912-09-24","","","wiki:Q127427567","Lisān al-ʿArab","geon:276781","Beirut",1912-09-24,1912-01-01,1912-07-01,1912-09-01,1912-09-23
"censorship","S","high","1878-03-07","1878-04-16","1878-05-12","wiki:Q6559136","Lisān al-Ḥāl","geon:276781","Beirut",1878-03-07,1878-01-01,1878-01-01,1878-03-01,1878-03-04
"censorship","S","high","1880-12-27","1880-12-23","1881-01-13","wiki:Q6559136","Lisān al-Ḥāl","geon:276781","Beirut",1880-12-27,1880-01-01,1880-10-01,1880-12-01,1880-12-27
"censorship","W","","1884-01-03","","","wiki:Q6559136","Lisān al-Ḥāl","geon:276781","Beirut",1884-01-03,1884-01-01,1884-01-01,1884-01-01,1883-12-31
"censorship","W","","1884-06-16","","","wiki:Q6559136","Lisān al-Ḥāl","geon:276781","Beirut",1884-06-16,1884-01-01,1884-04-01,1884-06-01,1884-06-16
"censorship","S","high","1885-03-30","","1885-06-25","wiki:Q6559136","Lisān al-Ḥāl","geon:276781","Beirut",1885-03-30,1885-01-01,1885-01-01,1885-03-01,1885-03-30
"censorship","S","high","1887-01-24","1887-01-25","1887-02-16","wiki:Q6559136","Lisān al-Ḥāl","geon:276781","Beirut",1887-01-24,1887-01-01,1887-01-01,1887-01-01,1887-01-24
"censorship","S","high","1889-05-28","1889-07-27","1889-09-30","wiki:Q6559136","Lisān al-Ḥāl","geon:276781","Beirut",1889-05-28,1889-01-01,1889-04-01,1889-05-01,1889-05-27
"censorship","S","high","1891-07-08","","","wiki:Q6559136","Lisān al-Ḥāl","geon:276781","Beirut",1891-07-08,1891-01-01,1891-07-01,1891-07-01,1891-07-06
"censorship","PR","","1891-10-26","","","wiki:Q6559136","Lisān al-Ḥāl","geon:276781","Beirut",1891-10-26,1891-01-01,1891-10-01,1891-10-01,1891-10-26
"censorship","W","","1894-04-23","","","wiki:Q6559136","Lisān al-Ḥāl","geon:276781","Beirut",1894-04-23,1894-01-01,1894-04-01,1894-04-01,1894-04-23
"censorship","S","","1895-01-19","","","wiki:Q6559136","Lisān al-Ḥāl","geon:276781","Beirut",1895-01-19,1895-01-01,1895-01-01,1895-01-01,1895-01-14
"censorship","W","","1898-08-04","","","wiki:Q6559136","Lisān al-Ḥāl","geon:276781","Beirut",1898-08-04,1898-01-01,1898-07-01,1898-08-01,1898-08-01
"censorship","W","","1900-10-27","","","wiki:Q6559136","Lisān al-Ḥāl","geon:276781","Beirut",1900-10-27,1900-01-01,1900-10-01,1900-10-01,1900-10-22
"censorship","W","","1901-04-22","","","wiki:Q6559136","Lisān al-Ḥāl","geon:276781","Beirut",1901-04-22,1901-01-01,1901-04-01,1901-04-01,1901-04-22
"censorship","W","","1901-11-29","","","wiki:Q6559136","Lisān al-Ḥāl","geon:276781","Beirut",1901-11-29,1901-01-01,1901-10-01,1901-11-01,1901-11-25
"censorship","S","","1901-12-03","","","wiki:Q6559136","Lisān al-Ḥāl","geon:276781","Beirut",1901-12-03,1901-01-01,1901-10-01,1901-12-01,1901-12-02
"censorship","W","","1903-01-22","","","wiki:Q6559136","Lisān al-Ḥāl","geon:276781","Beirut",1903-01-22,1903-01-01,1903-01-01,1903-01-01,1903-01-19
"censorship","S","high","1903-11-01","1903-11-06","1903-11-15","wiki:Q6559136","Lisān al-Ḥāl","geon:276781","Beirut",1903-11-01,1903-01-01,1903-10-01,1903-11-01,1903-10-26
"censorship","S","high","1905-05-30","1904-12-23","1905-09-01","wiki:Q6559136","Lisān al-Ḥāl","geon:276781","Beirut",1905-05-30,1905-01-01,1905-04-01,1905-05-01,1905-05-29
"censorship","Raid","","1909-09-04","","","wiki:Q6559136","Lisān al-Ḥāl","geon:276781","Beirut",1909-09-04,1909-01-01,1909-07-01,1909-09-01,1909-08-30
"censorship","Trial","","1909-12-31","","","wiki:Q6559136","Lisān al-Ḥāl","geon:276781","Beirut",1909-12-31,1909-01-01,1909-10-01,1909-12-01,1909-12-27
"lifeCycle","CP","","1914-09-11","","","wiki:Q6559136","Lisān al-Ḥāl","geon:276781","Beirut",1914-09-11,1914-01-01,1914-07-01,1914-09-01,1914-09-07
"censorship","PR","","1895-03-18","","","wiki:Q124974267","Lubnān","geon:276781","Beirut",1895-03-18,1895-01-01,1895-01-01,1895-03-01,1895-03-18
"censorship","S","","1911-10-21","","",NA,"Lātūrkī",NA,NA,1911-10-21,1911-01-01,1911-10-01,1911-10-01,1911-10-16
"censorship","P","","1900-01-02","","","wiki:Q124974806","Makārim al-Akhlāq al-Islāmiyya","geon:360630","Cairo",1900-01-02,1900-01-01,1900-01-01,1900-01-01,1900-01-01
"censorship","BI","","1909-11-20","","",NA,"Meşrutiyet",NA,NA,1909-11-20,1909-01-01,1909-10-01,1909-11-01,1909-11-15
"censorship","P","","1907-11-23","","","wiki:Q124964350","Mawārid al-Ḥikma","geon:170654","Damascus",1907-11-23,1907-01-01,1907-10-01,1907-11-01,1907-11-18
"censorship","P","","1908-08-13","","","wiki:Q124964350","Mawārid al-Ḥikma","geon:170654","Damascus",1908-08-13,1908-01-01,1908-07-01,1908-08-01,1908-08-10
"censorship","P","","1886-10-25","","","wiki:Q124964347","Mirʾāt al-Akhlāq","geon:170654","Damascus",1886-10-25,1886-01-01,1886-10-01,1886-10-01,1886-10-25
"censorship","BI","","","","","wiki:Q124974682","Mirʾāt al-Aḥwāl","geon:745044","Istanbul",NA,NA,NA,NA,NA
"lifeCycle","1","","1879-03-10","","","wiki:Q124974690","Mirʾāt al-Sharq","geon:360630","Cairo",1879-03-10,1879-01-01,1879-01-01,1879-03-01,1879-03-10
"censorship","P","","1910-08-16","","","wiki:Q124974718","Miṣbāḥ al-Sharq","geon:98182","Baghdad",1910-08-16,1910-01-01,1910-07-01,1910-08-01,1910-08-15
"censorship","P","","1909-08-02","","","wiki:Q124974699","Murshid al-Umma","geon:2464470","Tunis",1909-08-02,1909-01-01,1909-07-01,1909-08-01,1909-08-02
"censorship","PR","","1914-04-06","","","wiki:Q124974866","Nahr al-ʿĀṣī","geon:170017","Hama",1914-04-06,1914-01-01,1914-04-01,1914-04-01,1914-04-06
"censorship","BI","","1909-06-28","","",NA,"Nahḍa al-ʿArab",NA,NA,1909-06-28,1909-01-01,1909-04-01,1909-06-01,1909-06-28
"censorship","P","","1900-05-28","","","wiki:Q124974875","Nūr al-Islām","geon:359493","Zagazig",1900-05-28,1900-01-01,1900-04-01,1900-05-01,1900-05-28
"censorship","S","","1899-12-02","","","wiki:Q124973868","Rawḍat al-Maʿārif","geon:276781","Beirut",1899-12-02,1899-01-01,1899-10-01,1899-12-01,1899-11-27
"censorship","P","","","","","wiki:Q124973869","Rawḍat al-Maʿārif","geon:276781","Beirut",NA,NA,NA,NA,NA
"censorship","P","","1890-07-21","","","wiki:Q124964328","Rawḍat al-Shām","geon:170654","Damascus",1890-07-21,1890-01-01,1890-07-01,1890-07-01,1890-07-21
"censorship","P","","1909-01-02","","",NA,"Rawḍat al-Ṣaḥḥa",NA,NA,1909-01-02,1909-01-01,1909-01-01,1909-01-01,1908-12-28
"censorship","P","","1888-04-11","","",NA,"Riyāḥāt al-Afkār",NA,NA,1888-04-11,1888-01-01,1888-04-01,1888-04-01,1888-04-09
"censorship","P","","1900-02-16","","",NA,"Ruġbet",NA,NA,1900-02-16,1900-01-01,1900-01-01,1900-02-01,1900-02-12
"censorship","P","","1890-05-30","","",NA,"Ruḥta al-Shām",NA,NA,1890-05-30,1890-01-01,1890-04-01,1890-05-01,1890-05-26
"lifeCycle","1","","1900-07-16","","","wiki:Q124973840","Rāyat Ṣahiyūn","geon:361058","Alexandria",1900-07-16,1900-01-01,1900-07-01,1900-07-01,1900-07-16
"censorship","S","","1890-04-30","","","wiki:Q124964327","Rūḥān al-Shām","geon:170654","Damascus",1890-04-30,1890-01-01,1890-04-01,1890-04-01,1890-04-28
"lifeCycle","1","","1911-04-20","","","wiki:Q124973918","Sayf al-Ḥaqq","geon:98182","Baghdad",1911-04-20,1911-01-01,1911-04-01,1911-04-01,1911-04-17
"censorship","BI","","1909-08-30","","",NA,"Ser Basti",NA,NA,1909-08-30,1909-01-01,1909-07-01,1909-08-01,1909-08-30
"censorship","S","","1911-10-28","","",NA,"Shahrāʾ",NA,NA,1911-10-28,1911-01-01,1911-10-01,1911-10-01,1911-10-23
"censorship","BI","","1911-04-29","","",NA,"Shams",NA,NA,1911-04-29,1911-01-01,1911-04-01,1911-04-01,1911-04-24
"lifeCycle","1","","1910-08-03","","","wiki:Q124971839","al-Shams al-Ittiḥād","geon:266826","Tripoli",1910-08-03,1910-01-01,1910-07-01,1910-08-01,1910-08-01
"censorship","S","","1912-08-08","","","wiki:Q125629475","Silāḥ","geon:734077","Salonica",1912-08-08,1912-01-01,1912-07-01,1912-08-01,1912-08-05
"censorship","W","","1904-02-15","","",NA,"Some newspapers",NA,NA,1904-02-15,1904-01-01,1904-01-01,1904-02-01,1904-02-15
"censorship","BI","","1890-03-12","","",NA,"Sur Hintak",NA,NA,1890-03-12,1890-01-01,1890-01-01,1890-03-01,1890-03-10
"censorship","P","","1875-04-20","","","wiki:Q124973713","Thamarāt al-Funūn","geon:276781","Beirut",1875-04-20,1875-01-01,1875-04-01,1875-04-01,1875-04-19
"lifeCycle","Gap","","1877-10-11","","","wiki:Q124973713","Thamarāt al-Funūn","geon:276781","Beirut",1877-10-11,1877-01-01,1877-10-01,1877-10-01,1877-10-08
"censorship","Gap","","","","","wiki:Q124973713","Thamarāt al-Funūn","geon:276781","Beirut",NA,NA,NA,NA,NA
"censorship","W","","1883-02-19","","","wiki:Q124973713","Thamarāt al-Funūn","geon:276781","Beirut",1883-02-19,1883-01-01,1883-01-01,1883-02-01,1883-02-19
"censorship","W","","1887-07-18","","","wiki:Q124973713","Thamarāt al-Funūn","geon:276781","Beirut",1887-07-18,1887-01-01,1887-07-01,1887-07-01,1887-07-18
"censorship","W","","1889-09-23","","","wiki:Q124973713","Thamarāt al-Funūn","geon:276781","Beirut",1889-09-23,1889-01-01,1889-07-01,1889-09-01,1889-09-23
"censorship","W","","","","","wiki:Q124973713","Thamarāt al-Funūn","geon:276781","Beirut",NA,NA,NA,NA,NA
"censorship","Gap","","1892-08-15","1892-06-28","1892-08-14","wiki:Q124973713","Thamarāt al-Funūn","geon:276781","Beirut",1892-08-15,1892-01-01,1892-07-01,1892-08-01,1892-08-15
"censorship","W","","1894-04-23","","","wiki:Q124973713","Thamarāt al-Funūn","geon:276781","Beirut",1894-04-23,1894-01-01,1894-04-01,1894-04-01,1894-04-23
"censorship","W","","1894-05-15","","","wiki:Q124973713","Thamarāt al-Funūn","geon:276781","Beirut",1894-05-15,1894-01-01,1894-04-01,1894-05-01,1894-05-14
"censorship","S","","1896-10-28","","","wiki:Q124973713","Thamarāt al-Funūn","geon:276781","Beirut",1896-10-28,1896-01-01,1896-10-01,1896-10-01,1896-10-26
"censorship","W","","1899-06-07","","","wiki:Q124973713","Thamarāt al-Funūn","geon:276781","Beirut",1899-06-07,1899-01-01,1899-04-01,1899-06-01,1899-06-05
"censorship","W","","1901-01-02","","","wiki:Q124973713","Thamarāt al-Funūn","geon:276781","Beirut",1901-01-02,1901-01-01,1901-01-01,1901-01-01,1900-12-31
"censorship","BI","","1901-02-18","","","wiki:Q124973713","Thamarāt al-Funūn","geon:276781","Beirut",1901-02-18,1901-01-01,1901-01-01,1901-02-01,1901-02-18
"censorship","S","high","1901-12-03","","1901-12-15","wiki:Q124973713","Thamarāt al-Funūn","geon:276781","Beirut",1901-12-03,1901-01-01,1901-10-01,1901-12-01,1901-12-02
"censorship","S","","1903-04-07","","","wiki:Q124973713","Thamarāt al-Funūn","geon:276781","Beirut",1903-04-07,1903-01-01,1903-04-01,1903-04-01,1903-04-06
"censorship","W","","1904-04-18","","","wiki:Q124973713","Thamarāt al-Funūn","geon:276781","Beirut",1904-04-18,1904-01-01,1904-04-01,1904-04-01,1904-04-18
"censorship","S","high","1904-09-15","","1904-10-30","wiki:Q124973713","Thamarāt al-Funūn","geon:276781","Beirut",1904-09-15,1904-01-01,1904-07-01,1904-09-01,1904-09-12
"censorship","PR","","1904-11-07","","","wiki:Q124973713","Thamarāt al-Funūn","geon:276781","Beirut",1904-11-07,1904-01-01,1904-10-01,1904-11-01,1904-11-07
"censorship","S","high","1904-11-14","1904-11-15","1905-02-26","wiki:Q124973713","Thamarāt al-Funūn","geon:276781","Beirut",1904-11-14,1904-01-01,1904-10-01,1904-11-01,1904-11-14
"censorship","PR","","1905-02-27","","","wiki:Q124973713","Thamarāt al-Funūn","geon:276781","Beirut",1905-02-27,1905-01-01,1905-01-01,1905-02-01,1905-02-27
"lifeCycle","CP","","1908-11-09","","","wiki:Q124973713","Thamarāt al-Funūn","geon:276781","Beirut",1908-11-09,1908-01-01,1908-10-01,1908-11-01,1908-11-09
"censorship","P","","1888-03-26","","",NA,"Unknown paper",NA,NA,1888-03-26,1888-01-01,1888-01-01,1888-03-01,1888-03-26
"censorship","P","","1878-11-26","","",NA,"Unknown paper and press",NA,NA,1878-11-26,1878-01-01,1878-10-01,1878-11-01,1878-11-25
"censorship","W","","1882-07-18","","",NA,"a number / all newspapers",NA,NA,1882-07-18,1882-01-01,1882-07-01,1882-07-01,1882-07-17
"censorship","W","","1884-01-03","","",NA,"a number / all newspapers",NA,NA,1884-01-03,1884-01-01,1884-01-01,1884-01-01,1883-12-31
"censorship","BI","","1877-11-22","","","wiki:Q286468","al-Ahrām","geon:361058","Alexandria",1877-11-22,1877-01-01,1877-10-01,1877-11-01,1877-11-19
"censorship","BI","","1877-12-27","","","wiki:Q286468","al-Ahrām","geon:361058","Alexandria",1877-12-27,1877-01-01,1877-10-01,1877-12-01,1877-12-24
"censorship","Trial","","1910-08-20","","","wiki:Q124974278","Lisān al-Ahālī","geon:170063","Aleppo",1910-08-20,1910-01-01,1910-07-01,1910-08-01,1910-08-15
"censorship","P","","1910-10-20","","","wiki:Q124970583","al-Anīs","geon:276781","Beirut",1910-10-20,1910-01-01,1910-10-01,1910-10-01,1910-10-17
"censorship","S","high","1898-04-29","","","wiki:Q124970295","al-Arz","geon:8041193","Jounieh",1898-04-29,1898-01-01,1898-04-01,1898-04-01,1898-04-25
"censorship","PR","","1898-06-06","","","wiki:Q124970295","al-Arz","geon:8041193","Jounieh",1898-06-06,1898-01-01,1898-04-01,1898-06-01,1898-06-06
"lifeCycle","1","","1909-06-02","","","wiki:Q124970598","al-Ayyām","geon:276781","Beirut",1909-06-02,1909-01-01,1909-04-01,1909-06-01,1909-05-31
"censorship","S","","1894-01-15","","","wiki:Q12183306","al-Aḥwāl","geon:276781","Beirut",1894-01-15,1894-01-01,1894-01-01,1894-01-01,1894-01-15
"censorship","W","","1894-04-26","","","wiki:Q12183306","al-Aḥwāl","geon:276781","Beirut",1894-04-26,1894-01-01,1894-04-01,1894-04-01,1894-04-23
"censorship","S","","1895-01-19","","","wiki:Q12183306","al-Aḥwāl","geon:276781","Beirut",1895-01-19,1895-01-01,1895-01-01,1895-01-01,1895-01-14
"censorship","S","high","1897-06-03","1897-06-04","","wiki:Q12183306","al-Aḥwāl","geon:276781","Beirut",1897-06-03,1897-01-01,1897-04-01,1897-06-01,1897-05-31
"censorship","PR","","1897-06-05","","","wiki:Q12183306","al-Aḥwāl","geon:276781","Beirut",1897-06-05,1897-01-01,1897-04-01,1897-06-01,1897-05-31
"censorship","W","","1898-08-04","","","wiki:Q12183306","al-Aḥwāl","geon:276781","Beirut",1898-08-04,1898-01-01,1898-07-01,1898-08-01,1898-08-01
"censorship","W","","1900-03-16","","","wiki:Q12183306","al-Aḥwāl","geon:276781","Beirut",1900-03-16,1900-01-01,1900-01-01,1900-03-01,1900-03-12
"censorship","W","","1900-05-24","","","wiki:Q12183306","al-Aḥwāl","geon:276781","Beirut",1900-05-24,1900-01-01,1900-04-01,1900-05-01,1900-05-21
"censorship","S","high","1900-07-14","","","wiki:Q12183306","al-Aḥwāl","geon:276781","Beirut",1900-07-14,1900-01-01,1900-07-01,1900-07-01,1900-07-09
"censorship","PR","","1900-07-21","","","wiki:Q12183306","al-Aḥwāl","geon:276781","Beirut",1900-07-21,1900-01-01,1900-07-01,1900-07-01,1900-07-16
"censorship","W","","1900-10-27","","","wiki:Q12183306","al-Aḥwāl","geon:276781","Beirut",1900-10-27,1900-01-01,1900-10-01,1900-10-01,1900-10-22
"censorship","S","","1901-05-25","","","wiki:Q12183306","al-Aḥwāl","geon:276781","Beirut",1901-05-25,1901-01-01,1901-04-01,1901-05-01,1901-05-20
"censorship","W","","1901-11-29","","","wiki:Q12183306","al-Aḥwāl","geon:276781","Beirut",1901-11-29,1901-01-01,1901-10-01,1901-11-01,1901-11-25
"censorship","S","","1901-12-03","","","wiki:Q12183306","al-Aḥwāl","geon:276781","Beirut",1901-12-03,1901-01-01,1901-10-01,1901-12-01,1901-12-02
"censorship","S","","1902-01-18","","","wiki:Q12183306","al-Aḥwāl","geon:276781","Beirut",1902-01-18,1902-01-01,1902-01-01,1902-01-01,1902-01-13
"censorship","S","high","1904-10-01","1904-11-15","1904-12-16","wiki:Q12183306","al-Aḥwāl","geon:276781","Beirut",1904-10-01,1904-01-01,1904-10-01,1904-10-01,1904-09-26
"censorship","PR","","1904-12-14","","","wiki:Q12183306","al-Aḥwāl","geon:276781","Beirut",1904-12-14,1904-01-01,1904-10-01,1904-12-01,1904-12-12
"censorship","Trial","","1910-09-24","","","wiki:Q12183306","al-Aḥwāl","geon:276781","Beirut",1910-09-24,1910-01-01,1910-07-01,1910-09-01,1910-09-19
"censorship","S","high","1910-09-26","","","wiki:Q12183306","al-Aḥwāl","geon:276781","Beirut",1910-09-26,1910-01-01,1910-07-01,1910-09-01,1910-09-26
"lifeCycle","1","","1911-07-03","","","wiki:Q124970672","al-Balāgh","geon:276781","Beirut",1911-07-03,1911-01-01,1911-07-01,1911-07-01,1911-07-03
"censorship","Trial","","1911-10-19","","","wiki:Q124970672","al-Balāgh","geon:276781","Beirut",1911-10-19,1911-01-01,1911-10-01,1911-10-01,1911-10-16
"censorship","P","","1908-12-07","","",NA,"al-Band",NA,NA,1908-12-07,1908-01-01,1908-10-01,1908-12-01,1908-12-07
"censorship","S","","1876-06-01","","","wiki:Q108084719","al-Bashīr","geon:276781","Beirut",1876-06-01,1876-01-01,1876-04-01,1876-06-01,1876-05-29
"censorship","W","","1880-12-11","","","wiki:Q108084719","al-Bashīr","geon:276781","Beirut",1880-12-11,1880-01-01,1880-10-01,1880-12-01,1880-12-06
"censorship","W","","1881-09-12","","","wiki:Q108084719","al-Bashīr","geon:276781","Beirut",1881-09-12,1881-01-01,1881-07-01,1881-09-01,1881-09-12
"censorship","W","","1882-07-20","","","wiki:Q108084719","al-Bashīr","geon:276781","Beirut",1882-07-20,1882-01-01,1882-07-01,1882-07-01,1882-07-17
"censorship","W","","1884-09-04","","","wiki:Q108084719","al-Bashīr","geon:276781","Beirut",1884-09-04,1884-01-01,1884-07-01,1884-09-01,1884-09-01
"censorship","W","","1884-09-08","","","wiki:Q108084719","al-Bashīr","geon:276781","Beirut",1884-09-08,1884-01-01,1884-07-01,1884-09-01,1884-09-08
"censorship","W","","1888-03-29","","","wiki:Q108084719","al-Bashīr","geon:276781","Beirut",1888-03-29,1888-01-01,1888-01-01,1888-03-01,1888-03-26
"censorship","S","high","1889-05-20","1889-05-11","1889-06-08","wiki:Q108084719","al-Bashīr","geon:276781","Beirut",1889-05-20,1889-01-01,1889-04-01,1889-05-01,1889-05-20
"censorship","PR","","1890-04-07","","","wiki:Q108084719","al-Bashīr","geon:276781","Beirut",1890-04-07,1890-01-01,1890-04-01,1890-04-01,1890-04-07
"censorship","S","high","1892-10-06","","1892-11-08","wiki:Q108084719","al-Bashīr","geon:276781","Beirut",1892-10-06,1892-01-01,1892-10-01,1892-10-01,1892-10-03
"censorship","W","","1894-04-23","","","wiki:Q108084719","al-Bashīr","geon:276781","Beirut",1894-04-23,1894-01-01,1894-04-01,1894-04-01,1894-04-23
"censorship","W","","1898-08-04","","","wiki:Q108084719","al-Bashīr","geon:276781","Beirut",1898-08-04,1898-01-01,1898-07-01,1898-08-01,1898-08-01
"censorship","W","","1901-02-14","","","wiki:Q108084719","al-Bashīr","geon:276781","Beirut",1901-02-14,1901-01-01,1901-01-01,1901-02-01,1901-02-11
"censorship","S","","1901-12-03","","","wiki:Q108084719","al-Bashīr","geon:276781","Beirut",1901-12-03,1901-01-01,1901-10-01,1901-12-01,1901-12-02
"censorship","P","","1911-04-29","","","wiki:Q124964174","al-Bāriqa","geon:170654","Damascus",1911-04-29,1911-01-01,1911-04-01,1911-04-01,1911-04-24
"lifeCycle","1","","1911-04-29","","","wiki:Q124964174","al-Bāriqa","geon:170654","Damascus",1911-04-29,1911-01-01,1911-04-01,1911-04-01,1911-04-24
"censorship","Trial","","1910-06-26","","",NA,"al-Bāshqīm",NA,NA,1910-06-26,1910-01-01,1910-04-01,1910-06-01,1910-06-20
"censorship","RP","","1913-12-01","","","wiki:Q124971125","al-Dustūr","geon:281184","Jerusalem",1913-12-01,1913-01-01,1913-10-01,1913-12-01,1913-12-01
"censorship","P","","1908-10-26","","","wiki:Q124971127","al-Dustūr","geon:745044","Istanbul",1908-10-26,1908-01-01,1908-10-01,1908-10-01,1908-10-26
"censorship","S","","1891-07-06","","","wiki:Q124972193","al-Fallāḥ","geon:360630","Cairo",1891-07-06,1891-01-01,1891-07-01,1891-07-01,1891-07-06
"censorship","RP","","1912-09-28","","","wiki:Q124972146","al-Fatā al-ʿArabī","geon:276781","Beirut",1912-09-28,1912-01-01,1912-07-01,1912-09-01,1912-09-23
"censorship","S","high","1913-11-01","","","wiki:Q124972146","al-Fatā al-ʿArabī","geon:276781","Beirut",1913-11-01,1913-01-01,1913-10-01,1913-11-01,1913-10-27
"lifeCycle","1","","1910-04-15","","","wiki:Q124972110","al-Gharāʾib","geon:360630","Cairo",1910-04-15,1910-01-01,1910-04-01,1910-04-01,1910-04-11
"censorship","RP","","1910-06-11","","","wiki:Q124964310","Hilāl ʿUthmānī","geon:170654","Damascus",1910-06-11,1910-01-01,1910-04-01,1910-06-01,1910-06-06
"censorship","S","","1912-08-15","","","wiki:Q124973551","al-Hilāl al-ʿUthmānī","geon:745044","Istanbul",1912-08-15,1912-01-01,1912-07-01,1912-08-01,1912-08-12
"censorship","S","","1910-07-01","","","wiki:Q124970562","al-Intiqād","geon:745044","Istanbul",1910-07-01,1910-01-01,1910-07-01,1910-07-01,1910-06-27
"censorship","S","","1911-04-22","","","wiki:Q124970562","al-Intiqād","geon:745044","Istanbul",1911-04-22,1911-01-01,1911-04-01,1911-04-01,1911-04-17
"censorship","P","","1899-12-18","","","wiki:Q12183832","al-Iqbāl","geon:276781","Beirut",1899-12-18,1899-01-01,1899-10-01,1899-12-01,1899-12-18
"censorship","S","high","1903-09-13","1903-09-12","1903-10-11","wiki:Q12183832","al-Iqbāl","geon:276781","Beirut",1903-09-13,1903-01-01,1903-07-01,1903-09-01,1903-09-07
"censorship","S","high","1904-02-14","","","wiki:Q12183832","al-Iqbāl","geon:276781","Beirut",1904-02-14,1904-01-01,1904-01-01,1904-02-01,1904-02-08
"censorship","PR","","1904-10-31","","","wiki:Q12183832","al-Iqbāl","geon:276781","Beirut",1904-10-31,1904-01-01,1904-10-01,1904-10-01,1904-10-31
"censorship","Trial","","1909-10-07","","","wiki:Q12183832","al-Iqbāl","geon:276781","Beirut",1909-10-07,1909-01-01,1909-10-01,1909-10-01,1909-10-04
"censorship","P","","1908-09-21","","","wiki:Q124970299","al-Ittiḥād al-ʿUthmānī","geon:276781","Beirut",1908-09-21,1908-01-01,1908-07-01,1908-09-01,1908-09-21
"censorship","Trial","","1909-12-31","","","wiki:Q124970299","al-Ittiḥād al-ʿUthmānī","geon:276781","Beirut",1909-12-31,1909-01-01,1909-10-01,1909-12-01,1909-12-27
"censorship","Trial","","1911-10-19","","","wiki:Q124970299","al-Ittiḥād al-ʿUthmānī","geon:276781","Beirut",1911-10-19,1911-01-01,1911-10-01,1911-10-01,1911-10-16
"censorship","S","","1914-01-01","","","wiki:Q124970507","al-Iʿtilāf al-ʿUthmānī","geon:276781","Beirut",1914-01-01,1914-01-01,1914-01-01,1914-01-01,1913-12-29
"lifeCycle","1","","1909-06-27","","","wiki:Q124970490","al-Iṣlāḥ al-Ḥijāzī","geon:105343","Jeddah",1909-06-27,1909-01-01,1909-04-01,1909-06-01,1909-06-21
"censorship","RP","","1875-10-05","","","wiki:Q124970897","al-Janna","geon:276781","Beirut",1875-10-05,1875-01-01,1875-10-01,1875-10-01,1875-10-04
"censorship","S","","1879-03-24","","","wiki:Q124970897","al-Janna","geon:276781","Beirut",1879-03-24,1879-01-01,1879-01-01,1879-03-01,1879-03-24
"censorship","S","","1881-09-19","","","wiki:Q124970897","al-Janna","geon:276781","Beirut",1881-09-19,1881-01-01,1881-07-01,1881-09-01,1881-09-19
"censorship","W","","1881-09-19","","","wiki:Q124970897","al-Janna","geon:276781","Beirut",1881-09-19,1881-01-01,1881-07-01,1881-09-01,1881-09-19
"censorship","W","","1881-12-19","","","wiki:Q124970897","al-Janna","geon:276781","Beirut",1881-12-19,1881-01-01,1881-10-01,1881-12-01,1881-12-19
"censorship","S","","1882-07-19","","","wiki:Q124970897","al-Janna","geon:276781","Beirut",1882-07-19,1882-01-01,1882-07-01,1882-07-01,1882-07-17
"censorship","S","high","1884-06-19","1884-06-03","1884-08-02","wiki:Q124970897","al-Janna","geon:276781","Beirut",1884-06-19,1884-01-01,1884-04-01,1884-06-01,1884-06-16
"censorship","PR","","1884-11-17","","","wiki:Q124970897","al-Janna","geon:276781","Beirut",1884-11-17,1884-01-01,1884-10-01,1884-11-01,1884-11-17
"censorship","W","","1885-09-17","","","wiki:Q124970897","al-Janna","geon:276781","Beirut",1885-09-17,1885-01-01,1885-07-01,1885-09-01,1885-09-14
"censorship","S","high","1885-10-18","","","wiki:Q124970897","al-Janna","geon:276781","Beirut",1885-10-18,1885-01-01,1885-10-01,1885-10-01,1885-10-12
"censorship","BI","","1911-04-29","","",NA,"al-Jarīda al-Adabiyya",NA,NA,1911-04-29,1911-01-01,1911-04-01,1911-04-01,1911-04-24
"censorship","BI","","1878-07-11","","","wiki:Q124970913","al-Jawāʾib","geon:745044","Istanbul",1878-07-11,1878-01-01,1878-07-01,1878-07-01,1878-07-08
"censorship","PR","","1884-11-17","1884-09-16","1884-11-14","wiki:Q65563187","al-Janān","geon:276781","Beirut",1884-11-17,1884-01-01,1884-10-01,1884-11-01,1884-11-17
"censorship","W","","1885-09-17","","","wiki:Q65563187","al-Janān","geon:276781","Beirut",1885-09-17,1885-01-01,1885-07-01,1885-09-01,1885-09-14
"lifeCycle","1","","1910-03-18","","","wiki:Q124972371","al-Laṭāʾif al-Ahliyya","geon:276781","Beirut",1910-03-18,1910-01-01,1910-01-01,1910-03-01,1910-03-14
"censorship","P","","1909-03-22","","",NA,"al-Lubnāniyya",NA,NA,1909-03-22,1909-01-01,1909-01-01,1909-03-01,1909-03-22
"censorship","S","","","","","wiki:Q124972663","al-Madaniyya","geon:745044","Istanbul",NA,NA,NA,NA,NA
"censorship","P","","1910-08-23","","","wiki:Q124972432","al-Majalla al-Sūriyya","geon:276781","Beirut",1910-08-23,1910-01-01,1910-07-01,1910-08-01,1910-08-22
"lifeCycle","1","","1901-01-28","","","wiki:Q124972439","al-Majalla al-Ṣiḥḥiyya","geon:360630","Cairo",1901-01-28,1901-01-01,1901-01-01,1901-01-01,1901-01-28
"censorship","W","","1901-03-01","","","wiki:Q124972854","al-Manār","geon:276781","Beirut",1901-03-01,1901-01-01,1901-01-01,1901-03-01,1901-02-25
"censorship","P","","1914-05-29","","","wiki:Q124972668","al-Mirʾāt","geon:276781","Beirut",1914-05-29,1914-01-01,1914-04-01,1914-05-01,1914-05-25
"censorship","S","","1897-07-19","","","wiki:Q124972802","al-Maʿlūmāt","geon:745044","Istanbul",1897-07-19,1897-01-01,1897-07-01,1897-07-01,1897-07-19
"censorship","W","","1899-06-15","","","wiki:Q124972481","al-Maḥabba","geon:276781","Beirut",1899-06-15,1899-01-01,1899-04-01,1899-06-01,1899-06-12
"censorship","W","","1901-03-01","","","wiki:Q124972481","al-Maḥabba","geon:276781","Beirut",1901-03-01,1901-01-01,1901-01-01,1901-03-01,1901-02-25
"censorship","S","","1903-03-08","","","wiki:Q124972481","al-Maḥabba","geon:276781","Beirut",1903-03-08,1903-01-01,1903-01-01,1903-03-01,1903-03-02
"censorship","S","high","1907-12-03","","","wiki:Q124972481","al-Maḥabba","geon:276781","Beirut",1907-12-03,1907-01-01,1907-10-01,1907-12-01,1907-12-02
"censorship","PR","","1908-01-04","","","wiki:Q124972481","al-Maḥabba","geon:276781","Beirut",1908-01-04,1908-01-01,1908-01-01,1908-01-01,1907-12-30
"censorship","P","","1911-07-10","","","wiki:Q124972478","al-Muḥāmī","geon:266826","Tripoli",1911-07-10,1911-01-01,1911-07-01,1911-07-01,1911-07-10
"lifeCycle","1","","1909-02-01","","","wiki:Q124972811","al-Mufīd","geon:276781","Beirut",1909-02-01,1909-01-01,1909-01-01,1909-02-01,1909-02-01
"censorship","Trial","","1910-09-26","","","wiki:Q124972811","al-Mufīd","geon:276781","Beirut",1910-09-26,1910-01-01,1910-07-01,1910-09-01,1910-09-26
"censorship","S","high","1912-05-01","","","wiki:Q124972811","al-Mufīd","geon:276781","Beirut",1912-05-01,1912-01-01,1912-04-01,1912-05-01,1912-04-29
"censorship","S","","1914-01-01","","","wiki:Q124972811","al-Mufīd","geon:276781","Beirut",1914-01-01,1914-01-01,1914-01-01,1914-01-01,1913-12-29
"censorship","P","","1910-07-26","","","wiki:Q124964287","al-Muntakhabāt","geon:170654","Damascus",1910-07-26,1910-01-01,1910-07-01,1910-07-01,1910-07-25
"lifeCycle","1","","1910-09-07","","","wiki:Q124972878","al-Muntakhab","geon:173576","Latakia",1910-09-07,1910-01-01,1910-07-01,1910-09-01,1910-09-05
"censorship","P","","1908-11-26","","","wiki:Q124964359","al-Muqtabas","geon:170654","Damascus",1908-11-26,1908-01-01,1908-10-01,1908-11-01,1908-11-23
"lifeCycle","1","","1908-12-17","","","wiki:Q124964359","al-Muqtabas","geon:170654","Damascus",1908-12-17,1908-01-01,1908-10-01,1908-12-01,1908-12-14
"censorship","S","high","1909-09-17","","","wiki:Q124964359","al-Muqtabas","geon:170654","Damascus",1909-09-17,1909-01-01,1909-07-01,1909-09-01,1909-09-13
"censorship","RP","","1910-03-01","","","wiki:Q124964359","al-Muqtabas","geon:170654","Damascus",1910-03-01,1910-01-01,1910-01-01,1910-03-01,1910-02-28
"censorship","Trial","","1909-05-01","","","wiki:Q124964359","al-Muqtabas","geon:170654","Damascus",1909-05-01,1909-01-01,1909-04-01,1909-05-01,1909-04-26
"censorship","S","high","1912-04-16","1912-04-17","1912-08-08","wiki:Q124964359","al-Muqtabas","geon:170654","Damascus",1912-04-16,1912-01-01,1912-04-01,1912-04-01,1912-04-15
"censorship","RP","","1912-08-08","","","wiki:Q124964359","al-Muqtabas","geon:170654","Damascus",1912-08-08,1912-01-01,1912-07-01,1912-08-01,1912-08-05
"censorship","S","high","1913-09-25","","","wiki:Q124964359","al-Muqtabas","geon:170654","Damascus",1913-09-25,1913-01-01,1913-07-01,1913-09-01,1913-09-22
"censorship","Trial","","1913-10-22","","","wiki:Q124964359","al-Muqtabas","geon:170654","Damascus",1913-10-22,1913-01-01,1913-10-01,1913-10-01,1913-10-20
"censorship","RP","","1914-02-01","","","wiki:Q124964359","al-Muqtabas","geon:170654","Damascus",1914-02-01,1914-01-01,1914-01-01,1914-02-01,1914-01-26
"censorship","S","high","1914-04-15","","1915-02-11","wiki:Q124964359","al-Muqtabas","geon:170654","Damascus",1914-04-15,1914-01-01,1914-04-01,1914-04-01,1914-04-13
"censorship","RP","","1915-02-11","","","wiki:Q124964359","al-Muqtabas","geon:170654","Damascus",1915-02-11,1915-01-01,1915-01-01,1915-02-01,1915-02-08
"lifeCycle","CP","","1876-06-22","","","wiki:Q124972827","al-Muqtaṭaf","geon:276781","Beirut",1876-06-22,1876-01-01,1876-04-01,1876-06-01,1876-06-19
"censorship","RP","","1877-05-31","","","wiki:Q124972827","al-Muqtaṭaf","geon:276781","Beirut",1877-05-31,1877-01-01,1877-04-01,1877-05-01,1877-05-28
"censorship","W","","1884-09-08","","","wiki:Q124972827","al-Muqtaṭaf","geon:276781","Beirut",1884-09-08,1884-01-01,1884-07-01,1884-09-01,1884-09-08
"lifeCycle","1","","1908-12-28","","","wiki:Q124972678","al-Murāqib","geon:276781","Beirut",1908-12-28,1908-01-01,1908-10-01,1908-12-01,1908-12-28
"censorship","Trial","","1897-07-12","","","wiki:Q124972748","The Counsellor","geon:360630","Cairo",1897-07-12,1897-01-01,1897-07-01,1897-07-01,1897-07-12
"censorship","P","","1908-08-24","","","wiki:Q124972719","al-Musāwāt","geon:360630","Cairo",1908-08-24,1908-01-01,1908-07-01,1908-08-01,1908-08-24
"censorship","BI","","1910-08-27","","","wiki:Q124972384","al-Muʾayyad","geon:360630","Cairo",1910-08-27,1910-01-01,1910-07-01,1910-08-01,1910-08-22
"censorship","PI","","1911-10-21","","","wiki:Q124972384","al-Muʾayyad","geon:360630","Cairo",1911-10-21,1911-01-01,1911-10-01,1911-10-01,1911-10-16
"censorship","BI","","1913-03-05","","","wiki:Q124972384","al-Muʾayyad","geon:360630","Cairo",1913-03-05,1913-01-01,1913-01-01,1913-03-01,1913-03-03
"lifeCycle","1","","1911-04-20","","","wiki:Q124972497","al-Muḥīṭ","geon:360630","Cairo",1911-04-20,1911-01-01,1911-04-01,1911-04-01,1911-04-17
"censorship","P","","1908-11-09","","","wiki:Q124973468","al-Nafāʾis","geon:294801","Haifa",1908-11-09,1908-01-01,1908-10-01,1908-11-01,1908-11-09
"censorship","Trial","","1910-08-20","","","wiki:Q124973474","al-Nafīr al-ʿUthmānī","geon:361058","Alexandria",1910-08-20,1910-01-01,1910-07-01,1910-08-01,1910-08-15
"censorship","Trial","","1910-03-29","","","wiki:Q124973473","al-Nafīr","geon:360630","Cairo",1910-03-29,1910-01-01,1910-01-01,1910-03-01,1910-03-28
"censorship","S","high","1890-01-15","","1890-09-01","wiki:Q124973208","al-Nashra al-Usbūʿiyya","geon:276781","Beirut",1890-01-15,1890-01-01,1890-01-01,1890-01-01,1890-01-13
"censorship","PR","high","1890-09-15","","1890-09-01","wiki:Q124973208","al-Nashra al-Usbūʿiyya","geon:276781","Beirut",1890-09-15,1890-01-01,1890-07-01,1890-09-01,1890-09-15
"censorship","Trial","","1911-05-30","","","wiki:Q124973457","al-Naṣīr","geon:276781","Beirut",1911-05-30,1911-01-01,1911-04-01,1911-05-01,1911-05-29
"censorship","P","","1909-07-17","","",NA,"al-Nāqid al-Sūrī",NA,NA,1909-07-17,1909-01-01,1909-07-01,1909-07-01,1909-07-12
"censorship","RP","","1913-09-30","","","wiki:Q124964355","al-Qabas","geon:170654","Damascus",1913-09-30,1913-01-01,1913-07-01,1913-09-01,1913-09-29
"censorship","P","","1908-08-24","","",NA,"al-Qusṭān",NA,NA,1908-08-24,1908-01-01,1908-07-01,1908-08-01,1908-08-24
"censorship","RP","","1895-08-25","","","wiki:Q124972236","al-Qāhira","geon:360630","Cairo",1895-08-25,1895-01-01,1895-07-01,1895-08-01,1895-08-19
"censorship","Trial","","1911-10-19","","",NA,"al-Rafāʾīl al-Faransawiyya",NA,NA,1911-10-19,1911-01-01,1911-10-01,1911-10-01,1911-10-16
"censorship","P","","1909-03-22","","","wiki:Q124971322","al-Rafīq","geon:3530597","Mexico City",1909-03-22,1909-01-01,1909-01-01,1909-03-01,1909-03-22
"censorship","P","","1908-11-09","","",NA,"al-Rawḍat al-Shām",NA,NA,1908-11-09,1908-01-01,1908-10-01,1908-11-01,1908-11-09
"lifeCycle","1","","1910-03-31","","","wiki:Q124971246","al-Raʾī al-ʿĀmm","geon:276781","Beirut",1910-03-31,1910-01-01,1910-01-01,1910-03-01,1910-03-28
"censorship","Trial","","1911-10-19","","","wiki:Q124971246","al-Raʾī al-ʿĀmm","geon:276781","Beirut",1911-10-19,1911-01-01,1911-10-01,1911-10-01,1911-10-16
"lifeCycle","1","","1910-07-07","","","wiki:Q124971316","al-Ruṣāfa","geon:98182","Baghdad",1910-07-07,1910-01-01,1910-07-01,1910-07-01,1910-07-04
"censorship","P","","1908-11-09","","","wiki:Q124971277","al-Rāya al-ʿUthmāniyya","geon:360630","Cairo",1908-11-09,1908-01-01,1908-10-01,1908-11-01,1908-11-09
"censorship","P","","1879-07-23","","","wiki:Q124971704","al-Salām","geon:745044","Istanbul",1879-07-23,1879-01-01,1879-07-01,1879-07-01,1879-07-21
"lifeCycle","1","","1911-04-20","","","wiki:Q124971754","al-Shabība","geon:169577","Homs",1911-04-20,1911-01-01,1911-04-01,1911-04-01,1911-04-17
"censorship","P","","1877-05-24","","","wiki:Q124971844","al-Shahbāʾ","geon:170063","Aleppo",1877-05-24,1877-01-01,1877-04-01,1877-05-01,1877-05-21
"censorship","S","high","1877-06-07","","","wiki:Q124971844","al-Shahbāʾ","geon:170063","Aleppo",1877-06-07,1877-01-01,1877-04-01,1877-06-01,1877-06-04
"censorship","RP","","1877-12-20","","","wiki:Q124971844","al-Shahbāʾ","geon:170063","Aleppo",1877-12-20,1877-01-01,1877-10-01,1877-12-01,1877-12-17
"censorship","S","","1878-02-28","","","wiki:Q124971844","al-Shahbāʾ","geon:170063","Aleppo",1878-02-28,1878-01-01,1878-01-01,1878-02-01,1878-02-25
"censorship","P","","1899-11-20","","","wiki:Q124964210","al-Shams","geon:170654","Damascus",1899-11-20,1899-01-01,1899-10-01,1899-11-01,1899-11-20
"lifeCycle","1","","1900-06-15","","","wiki:Q124964210","al-Shams","geon:170654","Damascus",1900-06-15,1900-01-01,1900-04-01,1900-06-01,1900-06-11
"censorship","P","","1909-05-22","","","wiki:Q124964205","al-Sharq","geon:170654","Damascus",1909-05-22,1909-01-01,1909-04-01,1909-05-01,1909-05-17
"lifeCycle","1","","1909-12-24","","","wiki:Q124964205","al-Sharq","geon:170654","Damascus",1909-12-24,1909-01-01,1909-10-01,1909-12-01,1909-12-20
"censorship","P","","1909-08-02","","","wiki:Q124971807","al-Shaʿb","geon:170063","Aleppo",1909-08-02,1909-01-01,1909-07-01,1909-08-01,1909-08-02
"censorship","P","","1879-07-11","","","wiki:Q124964202","al-Shām","geon:170654","Damascus",1879-07-11,1879-01-01,1879-07-01,1879-07-01,1879-07-07
"censorship","P","","1891-11-29","","","wiki:Q124964202","al-Shām","geon:170654","Damascus",1891-11-29,1891-01-01,1891-10-01,1891-11-01,1891-11-23
"censorship","P","","1892-06-20","","","wiki:Q124964202","al-Shām","geon:170654","Damascus",1892-06-20,1892-01-01,1892-04-01,1892-06-01,1892-06-20
"censorship","S","high","1902-10-15","","1903-02-23","wiki:Q124964202","al-Shām","geon:170654","Damascus",1902-10-15,1902-01-01,1902-10-01,1902-10-01,1902-10-13
"censorship","PR","","1903-02-23","1902-10-15","","wiki:Q124964202","al-Shām","geon:170654","Damascus",1903-02-23,1903-01-01,1903-01-01,1903-02-01,1903-02-23
"lifeCycle","CP","","1908-12-17","","","wiki:Q124964202","al-Shām","geon:170654","Damascus",1908-12-17,1908-01-01,1908-10-01,1908-12-01,1908-12-14
"censorship","P","","1908-09-20","","",NA,"al-Takammul",NA,NA,1908-09-20,1908-01-01,1908-07-01,1908-09-01,1908-09-14
"censorship","P","","1906-06-11","","",NA,"al-Talmīdh",NA,NA,1906-06-11,1906-01-01,1906-04-01,1906-06-01,1906-06-11
"censorship","P","","1908-10-26","","","wiki:Q124970738","al-Taqaddum","geon:170063","Aleppo",1908-10-26,1908-01-01,1908-10-01,1908-10-01,1908-10-26
"censorship","RP","","1875-10-05","","","wiki:Q124970741","al-Taqaddum","geon:276781","Beirut",1875-10-05,1875-01-01,1875-10-01,1875-10-01,1875-10-04
"censorship","P","","1878-06-13","","","wiki:Q124970741","al-Taqaddum","geon:276781","Beirut",1878-06-13,1878-01-01,1878-04-01,1878-06-01,1878-06-10
"censorship","W","","1881-11-14","","","wiki:Q124970741","al-Taqaddum","geon:276781","Beirut",1881-11-14,1881-01-01,1881-10-01,1881-11-01,1881-11-14
"censorship","S","","1881-12-05","","","wiki:Q124970741","al-Taqaddum","geon:276781","Beirut",1881-12-05,1881-01-01,1881-10-01,1881-12-01,1881-12-05
"censorship","S","","1882-06-20","","","wiki:Q124970741","al-Taqaddum","geon:276781","Beirut",1882-06-20,1882-01-01,1882-04-01,1882-06-01,1882-06-19
"censorship","S","","1882-08-14","","","wiki:Q124970741","al-Taqaddum","geon:276781","Beirut",1882-08-14,1882-01-01,1882-07-01,1882-08-01,1882-08-14
"censorship","W","","1883-08-23","","","wiki:Q124970741","al-Taqaddum","geon:276781","Beirut",1883-08-23,1883-01-01,1883-07-01,1883-08-01,1883-08-20
"censorship","W","","1884-04-03","","","wiki:Q124970741","al-Taqaddum","geon:276781","Beirut",1884-04-03,1884-01-01,1884-04-01,1884-04-01,1884-03-31
"censorship","S","high","1888-02-07","1888-02-13","1888-03-19","wiki:Q124970741","al-Taqaddum","geon:276781","Beirut",1888-02-07,1888-01-01,1888-01-01,1888-02-01,1888-02-06
"censorship","RP","","1888-03-19","1888-02-13","","wiki:Q124970741","al-Taqaddum","geon:276781","Beirut",1888-03-19,1888-01-01,1888-01-01,1888-03-01,1888-03-19
"censorship","P","","1908-10-26","","","wiki:Q124970795","al-Thabāt","geon:276781","Beirut",1908-10-26,1908-01-01,1908-10-01,1908-10-01,1908-10-26
"censorship","Trial","","1911-10-19","","","wiki:Q124970795","al-Thabāt","geon:276781","Beirut",1911-10-19,1911-01-01,1911-10-01,1911-10-01,1911-10-16
"censorship","PR","","1909-11-04","","","wiki:Q124964171","al-Umma","geon:170654","Damascus",1909-11-04,1909-01-01,1909-10-01,1909-11-01,1909-11-01
"lifeCycle","1","","1909-12-04","","","wiki:Q124964171","al-Umma","geon:170654","Damascus",1909-12-04,1909-01-01,1909-10-01,1909-12-01,1909-11-29
"censorship","P","","1908-10-12","","","wiki:Q124973576","al-Waṭan","geon:276781","Beirut",1908-10-12,1908-01-01,1908-10-01,1908-10-01,1908-10-12
"lifeCycle","CP","","1914-10-21","","","wiki:Q124970283","al-Āthār","geon:166829","al-Muʿallaqa",1914-10-21,1914-01-01,1914-10-01,1914-10-01,1914-10-19
"censorship","P","","","","","wiki:Q124972012","al-ʿAdl","geon:3451190","Rio de Janeiro",NA,NA,NA,NA,NA
"censorship","S","","1910-06-13","","","wiki:Q124972025","al-ʿArab","geon:745044","Istanbul",1910-06-13,1910-01-01,1910-04-01,1910-06-01,1910-06-13
"censorship","S","high","1910-07-14","","","wiki:Q124972025","al-ʿArab","geon:745044","Istanbul",1910-07-14,1910-01-01,1910-07-01,1910-07-01,1910-07-11
"lifeCycle","1","","1911-04-20","","","wiki:Q124972036","al-ʿArīs","geon:169577","Homs",1911-04-20,1911-01-01,1911-04-01,1911-04-01,1911-04-17
"lifeCycle","1","","1910-08-18","","","wiki:Q124972042","al-ʿAṣr al-Jadīd","geon:2210247","Tripoli",1910-08-18,1910-01-01,1910-07-01,1910-08-01,1910-08-15
"censorship","P","","1908-09-20","","","wiki:Q124964222","al-ʿAṣr al-Jadīd","geon:170654","Damascus",1908-09-20,1908-01-01,1908-07-01,1908-09-01,1908-09-14
"censorship","BI","","1913-03-24","","","wiki:Q124972094","al-ʿUmrān","geon:360630","Cairo",1913-03-24,1913-01-01,1913-01-01,1913-03-01,1913-03-24
"censorship","W","","1884-06-16","","",NA,"al-ʿUrqūb",NA,NA,1884-06-16,1884-01-01,1884-04-01,1884-06-01,1884-06-16
"lifeCycle","1","","1910-08-07","","","wiki:Q124964181","al-Ḥaqāʾiq","geon:170654","Damascus",1910-08-07,1910-01-01,1910-07-01,1910-08-01,1910-08-01
"lifeCycle","CP","","1913-08-31","","","wiki:Q124964181","al-Ḥaqāʾiq","geon:170654","Damascus",1913-08-31,1913-01-01,1913-07-01,1913-08-01,1913-08-25
"censorship","S","","1878-01-31","","","wiki:Q124971021","al-Ḥaqīqa","geon:2464470","Tunis",1878-01-31,1878-01-01,1878-01-01,1878-01-01,1878-01-28
"censorship","S","","1913-06-16","","","wiki:Q124971025","al-Ḥaqīqa","geon:276781","Beirut",1913-06-16,1913-01-01,1913-04-01,1913-06-01,1913-06-16
"censorship","P","","1909-08-02","","","wiki:Q124971031","al-Ḥikma","geon:11432730","Jubayl",1909-08-02,1909-01-01,1909-07-01,1909-08-01,1909-08-02
"censorship","P","","1910-06-06","","","wiki:Q124971031","al-Ḥikma","geon:11432730","Jubayl",1910-06-06,1910-01-01,1910-04-01,1910-06-01,1910-06-06
"censorship","P","","1909-03-22","","","wiki:Q124971031","al-Ḥikma","geon:11432730","Jubayl",1909-03-22,1909-01-01,1909-01-01,1909-03-01,1909-03-22
"censorship","P","","1911-03-14","","","wiki:Q124970186","al-Ḥuqūq","geon:98182","Baghdad",1911-03-14,1911-01-01,1911-01-01,1911-03-01,1911-03-13
"censorship","P","","1909-08-02","","",NA,"al-Ḥurriya",NA,NA,1909-08-02,1909-01-01,1909-07-01,1909-08-01,1909-08-02
"censorship","S","","1911-10-19","","","wiki:Q124970924","al-Ḥāris","geon:276781","Beirut",1911-10-19,1911-01-01,1911-10-01,1911-10-01,1911-10-16
"censorship","P","","1908-10-26","","","wiki:Q124971866","al-Ṣabāḥ","geon:2530335","Tangier",1908-10-26,1908-01-01,1908-10-01,1908-10-01,1908-10-26
"censorship","P","","1911-07-08","","",NA,"al-Ṣadaq",NA,NA,1911-07-08,1911-01-01,1911-07-01,1911-07-01,1911-07-03
"censorship","P","","1901-09-07","","","wiki:Q124971891","al-Ṣakhra","geon:5128581","New York City",1901-09-07,1901-01-01,1901-07-01,1901-09-01,1901-09-02
"censorship","P","","1895-02-10","","","wiki:Q124971969","al-Ẓāhir","geon:360630","Cairo",1895-02-10,1895-01-01,1895-01-01,1895-02-01,1895-02-04
"censorship","BI","","1904-01-01","","",NA,"all Egyptian newspapers",NA,NA,1904-01-01,1904-01-01,1904-01-01,1904-01-01,1903-12-28
"censorship","S","","1885-03-30","","1885-06-25",NA,"all newspapers",NA,NA,1885-03-30,1885-01-01,1885-01-01,1885-03-01,1885-03-30
"censorship","W","","1900-02-16","","",NA,"all newspapers",NA,NA,1900-02-16,1900-01-01,1900-01-01,1900-02-01,1900-02-12
"censorship","W","","1878-02-07","","",NA,"all newspapers",NA,NA,1878-02-07,1878-01-01,1878-01-01,1878-02-01,1878-02-04
"censorship","PI","","1913-09-06","","",NA,"banned papers",NA,NA,1913-09-06,1913-01-01,1913-07-01,1913-09-01,1913-09-01
"censorship","PR","","1910-08-30","","",NA,"İştirāk",NA,NA,1910-08-30,1910-01-01,1910-07-01,1910-08-01,1910-08-29
"censorship","RP","","1911-10-28","","",NA,"ʿAlimdār",NA,NA,1911-10-28,1911-01-01,1911-10-01,1911-10-01,1911-10-23
"censorship","S","","1903-10-23","","","wiki:Q12207336","Ḥadīqat al-Akhbār","geon:276781","Beirut",1903-10-23,1903-01-01,1903-10-01,1903-10-01,1903-10-19
"censorship","W","","1903-11-01","","","wiki:Q12207336","Ḥadīqat al-Akhbār","geon:276781","Beirut",1903-11-01,1903-01-01,1903-10-01,1903-11-01,1903-10-26
"censorship","P","","1899-09-01","","",NA,"Ḥawādis̱-i Müḳtebese",NA,NA,1899-09-01,1899-01-01,1899-07-01,1899-09-01,1899-08-28
"censorship","Trial","","1911-06-06","","","wiki:Q124964322","Ḥuṭṭ bi-l-Khurj","geon:170654","Damascus",1911-06-06,1911-01-01,1911-04-01,1911-06-01,1911-06-05
"lifeCycle","1","","1901-01-28","","","wiki:Q124974002","Ṣadā Lubnān","geon:276781","Beirut",1901-01-28,1901-01-01,1901-01-01,1901-01-01,1901-01-28
"censorship","RP","","1912-05-02","","","wiki:Q127427566","Ṣadā al-Mufīd","geon:276781","Beirut",1912-05-02,1912-01-01,1912-04-01,1912-05-01,1912-04-29
"censorship","S","high","1912-09-01","","","wiki:Q127427566","Ṣadā al-Mufīd","geon:276781","Beirut",1912-09-01,1912-01-01,1912-07-01,1912-09-01,1912-08-26
"censorship","P","","1908-11-09","","","wiki:Q124973985","Ṣadā al-Shahbāʾ","geon:170063","Aleppo",1908-11-09,1908-01-01,1908-10-01,1908-11-01,1908-11-09
"censorship","RP","","1910-08-15","","","wiki:Q124973985","Ṣadā al-Shahbāʾ","geon:170063","Aleppo",1910-08-15,1910-01-01,1910-07-01,1910-08-01,1910-08-15
"censorship","S","","1912-08-16","","","wiki:Q125629494","Ṭanīn","geon:745044","Istanbul",1912-08-16,1912-01-01,1912-07-01,1912-08-01,1912-08-12
"censorship","S","","1911-10-21","","","wiki:Q125629449","Ṭanẓīmāt","geon:745044","Istanbul",1911-10-21,1911-01-01,1911-10-01,1911-10-01,1911-10-16
"censorship","S","","1895-08-26","","","wiki:Q124974031","Ṭarābulus","geon:266826","Tripoli",1895-08-26,1895-01-01,1895-07-01,1895-08-01,1895-08-26
"censorship","S","","1895-10-07","","","wiki:Q124974031","Ṭarābulus","geon:266826","Tripoli",1895-10-07,1895-01-01,1895-10-01,1895-10-01,1895-10-07
"censorship","S","high","1905-01-12","","","wiki:Q124974031","Ṭarābulus","geon:266826","Tripoli",1905-01-12,1905-01-01,1905-01-01,1905-01-01,1905-01-09
"censorship","PR","","1905-04-03","","","wiki:Q124974031","Ṭarābulus","geon:266826","Tripoli",1905-04-03,1905-01-01,1905-04-01,1905-04-01,1905-04-03
"censorship","P","","1898-01-03","","",NA,"Ḍiyāʾ al-Albāb",NA,NA,1898-01-03,1898-01-01,1898-01-01,1898-01-01,1898-01-03
